City_ID,City,Country,Date,Lat,Lng,Max Temp,Humidity,Cloudiness,Wind Speed
0,Zaragoza,ES,2022-03-12 23:38:26,41.6561,-0.8773,54.05,66,20,9.22
1,New Norfolk,AU,2022-03-12 23:39:46,-42.7826,147.0587,67.71,49,5,1.99
2,Mataura,NZ,2022-03-12 23:39:46,-46.1927,168.8643,64.47,45,6,2.28
3,Bilma,NE,2022-03-12 23:39:47,18.6853,12.9164,66.24,14,1,10.65
4,Atuona,PF,2022-03-12 23:39:47,-9.8,-139.0333,78.93,76,23,13.89
5,Nome,US,2022-03-12 23:39:47,64.5011,-165.4064,24.87,42,0,25.32
6,Beringovskiy,RU,2022-03-12 23:36:29,63.05,179.3167,10.89,76,2,10.0
7,Saint-Philippe,RE,2022-03-12 23:39:48,-21.3585,55.7679,76.59,88,68,12.33
8,Logansport,US,2022-03-12 23:39:48,40.7545,-86.3567,19.81,41,75,16.11
9,Puerto Ayora,EC,2022-03-12 23:39:49,-0.7393,-90.3518,77.56,98,31,1.99
10,Samana,DO,2022-03-12 23:39:49,19.2056,-69.3369,76.96,89,56,5.59
11,Petropavlovsk-Kamchatskiy,RU,2022-03-12 23:39:49,53.0452,158.6483,30.79,69,75,6.71
12,Quatre Cocos,MU,2022-03-12 23:39:50,-20.2078,57.7625,79.09,85,81,10.13
13,Cabo San Lucas,MX,2022-03-12 23:39:38,22.8909,-109.9124,76.6,46,0,13.8
14,Busselton,AU,2022-03-12 23:35:12,-33.65,115.3333,68.74,79,58,7.36
15,Esperance,AU,2022-03-12 23:39:51,-33.8667,121.9,67.84,63,64,5.93
16,Lumeje,AO,2022-03-12 23:39:51,-11.55,20.7833,63.57,92,98,2.82
17,Haines Junction,CA,2022-03-12 23:39:51,60.7522,-137.5108,21.15,68,100,8.05
18,Rikitea,PF,2022-03-12 23:39:52,-23.1203,-134.9692,79.92,71,60,14.14
19,Matay,EG,2022-03-12 23:39:52,28.419,30.7792,47.75,45,0,8.12
20,Makakilo City,US,2022-03-12 23:39:52,21.3469,-158.0858,82.72,55,40,16.11
21,Avera,US,2022-03-12 23:39:53,33.194,-82.5271,37.45,39,0,16.73
22,Massaguet,TD,2022-03-12 23:39:53,12.4755,15.4365,80.06,13,92,14.38
23,Hovd,MN,2022-03-12 23:39:54,48.0056,91.6419,18.14,61,2,4.21
24,Port Lincoln,AU,2022-03-12 23:39:54,-34.7333,135.8667,76.64,35,100,10.74
25,Haifa,IL,2022-03-12 23:39:55,32.8156,34.9892,50.18,69,34,11.16
26,Ziro,IN,2022-03-12 23:39:55,27.6333,93.8333,46.56,65,44,2.98
27,Jarvakandi,EE,2022-03-12 23:39:55,58.7789,24.8258,24.22,96,14,2.59
28,Arraial Do Cabo,BR,2022-03-12 23:39:56,-22.9661,-42.0278,77.95,89,100,2.06
29,Bluff,NZ,2022-03-12 23:39:56,-46.6,168.3333,64.8,68,4,1.36
30,Huangnihe,CN,2022-03-12 23:39:56,43.5583,128.0239,34.09,96,100,2.55
31,Minab,IR,2022-03-12 23:39:57,27.1467,57.0801,66.52,88,39,0.0
32,Omaruru,NA,2022-03-12 23:39:57,-21.4333,15.9333,70.38,72,91,1.34
33,Qaanaaq,GL,2022-03-12 23:39:57,77.484,-69.3632,-14.98,70,6,5.39
34,Khatanga,RU,2022-03-12 23:39:58,71.9667,102.5,-26.54,100,100,7.16
35,Avarua,CK,2022-03-12 23:39:19,-21.2078,-159.775,84.25,79,20,8.05
36,Bathsheba,BB,2022-03-12 23:39:58,13.2167,-59.5167,77.61,73,20,23.02
37,Ushuaia,AR,2022-03-12 23:39:59,-54.8,-68.3,49.66,66,40,5.75
38,Phek,IN,2022-03-12 23:39:59,25.6667,94.5,45.7,66,65,1.79
39,Tuktoyaktuk,CA,2022-03-12 23:39:59,69.4541,-133.0374,-14.8,76,40,13.8
40,Nikolskoye,RU,2022-03-12 23:40:00,59.7035,30.7861,31.8,98,98,3.96
41,Grand Island,US,2022-03-12 23:37:41,40.925,-98.342,51.75,40,0,14.97
42,Ketchikan,US,2022-03-12 23:40:00,55.3422,-131.6461,43.27,81,75,5.75
43,Carutapera,BR,2022-03-12 23:40:01,-1.195,-46.02,75.16,91,100,6.11
44,Abha,SA,2022-03-12 23:40:02,18.2164,42.5053,57.45,72,0,9.22
45,Marulanda,CO,2022-03-12 23:41:03,5.2839,-75.2602,50.29,97,100,2.3
46,Albany,US,2022-03-12 23:37:23,42.6001,-73.9662,21.36,76,100,5.99
47,San Carlos De Bariloche,AR,2022-03-12 23:41:03,-41.1456,-71.3082,69.55,32,0,3.44
48,Shuangyang,CN,2022-03-12 23:41:03,43.5242,125.6736,31.75,90,100,6.42
49,Pisco,PE,2022-03-12 23:41:04,-13.7,-76.2167,73.45,73,0,16.11
50,Torbay,CA,2022-03-12 23:36:19,47.6666,-52.7314,36.28,93,100,32.21
51,Port Alfred,ZA,2022-03-12 23:41:04,-33.5906,26.891,79.52,69,52,12.17
52,Punta Arenas,CL,2022-03-12 23:41:05,-53.15,-70.9167,50.11,62,75,19.57
53,Biak,ID,2022-03-12 23:41:05,-0.9131,122.8766,80.56,77,88,0.87
54,Hermanus,ZA,2022-03-12 23:41:05,-34.4187,19.2345,60.8,83,9,11.54
55,Beyneu,KZ,2022-03-12 23:41:06,45.3167,55.2,32.92,91,100,16.93
56,Rongcheng,CN,2022-03-12 23:41:06,30.634,117.8517,68.88,83,76,0.94
57,Lebu,CL,2022-03-12 23:41:06,-37.6167,-73.65,58.14,92,5,17.13
58,Carmo Do Cajuru,BR,2022-03-12 23:41:07,-20.1842,-44.7711,69.42,88,98,3.53
59,Saskylakh,RU,2022-03-12 23:41:07,71.9167,114.0833,-22.59,99,96,2.75
60,Novo Aripuana,BR,2022-03-12 23:41:08,-5.1206,-60.3797,75.06,96,83,2.66
61,Saint-Michel-Des-Saints,CA,2022-03-12 23:41:08,46.6834,-73.9159,21.94,88,100,11.9
62,Stonewall,CA,2022-03-12 23:41:08,50.1344,-97.3268,14.79,94,100,11.59
63,Celestun,MX,2022-03-12 23:41:09,20.8667,-90.4,71.91,79,100,25.08
64,Gat,IL,2022-03-12 23:40:00,31.61,34.7642,46.4,100,4,2.42
65,Jiangyou,CN,2022-03-12 23:41:09,31.7667,104.7167,66.34,69,81,3.78
66,Sao Filipe,CV,2022-03-12 23:41:09,14.8961,-24.4956,75.51,55,6,16.89
67,Kodiak,US,2022-03-12 23:41:10,57.79,-152.4072,42.31,87,75,8.05
68,Baruun-Urt,MN,2022-03-12 23:41:11,46.6806,113.2792,19.99,65,100,8.99
69,Tasiilaq,GL,2022-03-12 23:39:55,65.6145,-37.6368,30.36,96,100,12.77
70,Nizhnevartovsk,RU,2022-03-12 23:41:11,60.9344,76.5531,-3.98,77,0,4.47
71,Tilichiki,RU,2022-03-12 23:41:11,60.4667,166.1,13.57,86,9,8.16
72,Dunedin,NZ,2022-03-12 23:41:12,-45.8742,170.5036,62.42,62,1,7.16
73,Zabid,YE,2022-03-12 23:41:12,14.1951,43.3152,76.15,72,49,4.05
74,Zamora,EC,2022-03-12 23:41:13,-4.0692,-78.9567,68.49,98,100,4.59
75,Tyrma,RU,2022-03-12 23:41:13,50.0833,132.1667,18.23,90,100,1.39
76,Ancud,CL,2022-03-12 23:41:14,-41.8697,-73.8203,55.42,82,35,1.92
77,Castro,BR,2022-03-12 23:38:55,-24.7911,-50.0119,61.39,98,100,6.42
78,Barrow,US,2022-03-12 23:41:15,71.2906,-156.7887,-16.58,76,0,9.22
79,Bredasdorp,ZA,2022-03-12 23:41:15,-34.5322,20.0403,63.72,82,32,4.61
80,Jamestown,US,2022-03-12 23:39:44,42.097,-79.2353,16.72,52,100,17.27
81,Mar Del Plata,AR,2022-03-12 23:41:16,-38.0023,-57.5575,66.09,78,0,15.01
82,Vaini,TO,2022-03-12 23:41:16,-21.2,-175.2,86.16,74,40,6.91
83,Provideniya,RU,2022-03-12 23:41:17,64.3833,-173.3,21.51,63,0,9.55
84,Luderitz,NA,2022-03-12 23:41:17,-26.6481,15.1594,64.22,91,13,10.51
85,Hobart,AU,2022-03-12 23:41:17,-42.8794,147.3294,68.05,63,20,5.75
86,Lagoa Nova,BR,2022-03-12 23:41:18,-6.1,-36.4833,70.21,86,96,7.96
87,Camacupa,AO,2022-03-12 23:41:18,-12.0167,17.4833,62.58,95,100,5.7
88,Kutum,SD,2022-03-12 23:41:03,14.2,24.6667,62.47,18,3,7.65
89,Butaritari,KI,2022-03-12 23:42:18,3.0707,172.7902,81.54,77,34,21.23
90,Zapolyarnyy,RU,2022-03-12 23:42:19,69.4154,30.8136,31.28,99,99,3.36
91,Kaitangata,NZ,2022-03-12 23:42:19,-46.2817,169.8464,63.55,56,4,5.73
92,Sorong,ID,2022-03-12 23:42:19,-0.8833,131.25,82.62,78,91,7.02
93,Upernavik,GL,2022-03-12 23:42:20,72.7868,-56.1549,-15.5,99,99,10.54
94,Yellowknife,CA,2022-03-12 23:40:15,62.456,-114.3525,4.41,67,75,13.8
95,Lorengau,PG,2022-03-12 23:42:20,-2.0226,147.2712,83.66,74,100,6.53
96,Mahebourg,MU,2022-03-12 23:42:21,-20.4081,57.7,79.25,94,75,11.5
97,Biankouma,CI,2022-03-12 23:42:21,7.7391,-7.6138,73.4,83,66,3.4
98,Hauterive,FR,2022-03-12 23:42:21,46.0901,3.4459,43.56,73,83,11.7
99,Leningradskiy,RU,2022-03-12 23:42:22,69.3833,178.4167,3.67,85,8,6.73
100,College,US,2022-03-12 23:42:22,64.8569,-147.8028,16.29,38,20,17.27
101,Reconquista,AR,2022-03-12 23:42:22,-29.15,-59.65,66.38,63,55,5.12
102,Cuamba,MZ,2022-03-12 23:42:23,-14.8031,36.5372,67.86,99,99,2.15
103,Severo-Kurilsk,RU,2022-03-12 23:39:54,50.6789,156.125,32.77,82,88,5.37
104,Kruisfontein,ZA,2022-03-12 23:42:23,-34.0033,24.7314,71.56,77,58,14.9
105,Victoria,HK,2022-03-12 23:42:24,22.2855,114.1577,73.45,83,8,8.01
106,East London,ZA,2022-03-12 23:42:24,-33.0153,27.9116,77.77,74,63,11.61
107,Salalah,OM,2022-03-12 23:42:24,17.0151,54.0924,71.92,52,62,1.16
108,Hwange,ZW,2022-03-12 23:42:25,-18.3693,26.5019,69.01,69,63,2.48
109,Dikson,RU,2022-03-12 23:42:25,73.5069,80.5464,-10.19,93,100,19.75
110,Khani,GE,2022-03-12 23:42:26,41.9563,42.9566,24.37,85,80,5.08
111,Aswan,EG,2022-03-12 23:42:26,24.0934,32.907,56.5,33,0,4.61
112,Talnakh,RU,2022-03-12 23:42:26,69.4865,88.3972,-24.16,96,45,7.76
113,Fortuna,US,2022-03-12 23:42:27,40.5982,-124.1573,57.54,69,100,16.11
114,Narsaq,GL,2022-03-12 23:42:27,60.9167,-46.05,14.22,81,100,7.85
115,Cairns,AU,2022-03-12 23:42:27,-16.9167,145.7667,85.1,83,75,11.5
116,Chumikan,RU,2022-03-12 23:42:28,54.7183,135.315,9.34,87,42,3.24
117,Marsh Harbour,BS,2022-03-12 23:42:28,26.5412,-77.0636,73.08,86,40,32.57
118,Kapaa,US,2022-03-12 23:42:28,22.0752,-159.319,82.38,65,20,12.66
119,Pio Xii,BR,2022-03-12 23:42:29,-3.8325,-45.1525,74.16,97,100,3.27
120,Darnah,LY,2022-03-12 23:42:29,32.767,22.6367,50.18,83,75,24.2
121,Peterhead,GB,2022-03-12 23:42:30,57.5058,-1.7981,43.2,91,98,20.09
122,Oranjemund,NA,2022-03-12 23:42:30,-28.55,16.4333,64.47,93,53,8.77
123,Hambantota,LK,2022-03-12 23:42:30,6.1241,81.1185,77.11,85,100,6.71
124,Umm Kaddadah,SD,2022-03-12 23:42:31,13.6017,26.6876,66.69,16,13,14.88
125,Mehamn,NO,2022-03-12 23:42:31,71.0357,27.8492,28.8,94,91,7.25
126,Tuatapere,NZ,2022-03-12 23:42:31,-46.1333,167.6833,65.66,51,2,3.2
127,Nileshwar,IN,2022-03-12 23:42:32,12.25,75.1,75.36,79,13,5.28
128,Seoul,KR,2022-03-12 23:40:30,37.5683,126.9778,55.0,93,100,4.61
129,Kintampo,GH,2022-03-12 23:42:32,8.0563,-1.7306,81.46,56,60,8.25
130,Acapulco,MX,2022-03-12 23:41:47,16.8634,-99.8901,78.62,78,0,13.8
131,Carnarvon,AU,2022-03-12 23:42:33,-24.8667,113.6333,73.47,78,0,12.66
132,Bambous Virieux,MU,2022-03-12 23:42:33,-20.3428,57.7575,79.21,94,75,11.5
133,Sterling,US,2022-03-12 23:41:24,39.0062,-77.4286,26.6,64,40,21.85
134,Hithadhoo,MV,2022-03-12 23:42:34,-0.6,73.0833,82.63,71,10,8.28
135,Awjilah,LY,2022-03-12 23:42:34,29.1081,21.2869,54.23,58,48,8.72
136,Mozarlandia,BR,2022-03-12 23:42:34,-14.7447,-50.5706,75.04,89,89,3.94
137,Kattivakkam,IN,2022-03-12 23:43:35,13.2167,80.3167,79.07,85,44,0.63
138,Los Llanos De Aridane,ES,2022-03-12 23:43:35,28.6585,-17.9182,60.55,86,20,3.44
139,Caranavi,BO,2022-03-12 23:43:35,-15.8167,-67.55,61.0,100,100,0.49
140,Warmbad,NA,2022-03-12 23:43:36,-28.45,18.7333,75.18,65,58,11.32
141,Georgetown,MY,2022-03-12 23:41:27,5.4112,100.3354,80.53,93,20,8.05
142,Hearst,CA,2022-03-12 23:43:36,49.6835,-83.6665,10.65,96,100,2.39
143,Padang,ID,2022-03-12 23:43:36,-0.9492,100.3543,75.25,83,99,3.09
144,Hoima,UG,2022-03-12 23:43:37,1.4356,31.3436,66.88,69,96,2.66
145,Kieta,PG,2022-03-12 23:43:37,-6.2167,155.6333,84.76,60,12,2.84
146,Jiuquan,CN,2022-03-12 23:43:38,39.7432,98.5174,41.72,42,57,7.78
147,Mount Gambier,AU,2022-03-12 23:43:38,-37.8333,140.7667,64.31,63,1,6.91
148,Malayal,PH,2022-03-12 23:43:38,7.208,121.942,78.6,75,85,1.36
149,Verkhnevilyuysk,RU,2022-03-12 23:38:42,63.4453,120.3167,-14.53,100,99,1.28
150,Naze,JP,2022-03-12 23:43:39,28.3667,129.4833,67.12,76,4,9.84
151,Aguimes,ES,2022-03-12 23:43:39,27.9054,-15.4461,61.43,72,20,19.57
152,Half Moon Bay,US,2022-03-12 23:43:40,37.4636,-122.4286,71.89,61,75,26.46
153,Puerto Baquerizo Moreno,EC,2022-03-12 23:43:40,-0.9,-89.6,80.85,71,9,4.63
154,Russell,US,2022-03-12 23:43:41,32.3502,-85.1999,43.88,28,0,20.71
155,Balkhash,KZ,2022-03-12 23:43:41,46.844,74.9804,36.54,99,100,8.7
156,Dingle,PH,2022-03-12 23:43:41,10.9995,122.6711,80.87,80,62,5.14
157,Camalu,MX,2022-03-12 23:43:42,30.85,-116.0667,64.49,38,52,9.69
158,North Bend,US,2022-03-12 23:43:42,43.4065,-124.2243,53.24,91,100,20.71
159,Chokurdakh,RU,2022-03-12 23:43:42,70.6333,147.9167,-17.37,98,98,3.11
160,Pita,GN,2022-03-12 23:43:43,10.8333,-12.5833,76.98,36,53,1.72
161,Jurmala,LV,2022-03-12 23:43:43,56.968,23.7704,24.82,93,0,1.14
162,Tiksi,RU,2022-03-12 23:43:43,71.6872,128.8694,-18.98,99,86,4.85
163,Saldanha,ZA,2022-03-12 23:43:44,-33.0117,17.9442,64.45,91,5,6.2
164,Poroina Mare,RO,2022-03-12 23:43:44,44.4953,22.9364,26.37,67,5,2.84
165,Saint George,US,2022-03-12 23:43:44,37.1041,-113.5841,66.25,17,0,1.01
166,Bandarbeyla,SO,2022-03-12 23:43:45,9.4942,50.8122,75.61,78,47,12.24
167,Ossora,RU,2022-03-12 23:43:45,59.2353,163.0719,22.93,77,90,3.74
168,Diffa,NE,2022-03-12 23:43:45,13.3154,12.6113,75.94,19,100,9.57
169,Saint-Augustin,CA,2022-03-12 23:43:46,51.226,-58.6502,22.28,96,100,28.3
170,Sao Joao Da Barra,BR,2022-03-12 23:43:46,-21.6403,-41.0511,77.81,88,6,6.38
171,Ponnampet,IN,2022-03-12 23:43:47,12.15,75.9333,63.55,45,24,3.27
172,Okhotsk,RU,2022-03-12 23:43:47,59.3833,143.3,18.84,92,100,5.88
173,Buritizeiro,BR,2022-03-12 23:43:47,-17.3511,-44.9622,78.22,58,93,0.92
174,Jacqueville,CI,2022-03-12 23:43:48,5.2052,-4.4146,79.43,82,100,8.97
175,Cape Town,ZA,2022-03-12 23:42:03,-33.9258,18.4232,65.12,84,8,7.45
176,Calbuco,CL,2022-03-12 23:43:48,-41.768,-73.1273,60.01,83,22,11.48
177,Aklavik,CA,2022-03-12 23:43:49,68.2191,-135.0107,-5.8,65,40,10.36
178,Egvekinot,RU,2022-03-12 23:43:49,66.3167,-179.1667,18.34,66,0,7.87
179,Nouadhibou,MR,2022-03-12 23:43:49,20.931,-17.0347,64.38,72,0,19.57
180,Palmerston,AU,2022-03-12 23:43:50,-12.486,130.9833,85.93,77,20,6.91
181,Luena,AO,2022-03-12 23:44:50,-11.7833,19.9167,61.16,96,100,3.91
182,Port Elizabeth,ZA,2022-03-12 23:44:50,-33.918,25.5701,71.89,78,0,8.05
183,Resistencia,AR,2022-03-12 23:41:15,-27.4606,-58.9839,73.45,55,0,8.05
184,Burnie,AU,2022-03-12 23:44:51,-41.0667,145.9167,69.93,69,24,8.39
185,Bethel,US,2022-03-12 23:44:51,41.3712,-73.414,23.76,85,100,15.01
186,Homer,US,2022-03-12 23:44:52,59.6425,-151.5483,43.81,60,0,5.01
187,Hilo,US,2022-03-12 23:44:52,19.7297,-155.09,80.33,66,75,13.8
188,Ishinomaki,JP,2022-03-12 23:44:53,38.4167,141.3,42.8,64,97,5.32
189,Stornoway,GB,2022-03-12 23:44:54,58.2093,-6.3865,37.92,92,20,1.01
190,Kalabo,ZM,2022-03-12 23:44:54,-14.97,22.6814,65.48,93,51,4.12
191,Ribeira Grande,PT,2022-03-12 23:44:54,38.5167,-28.7,57.78,63,87,14.88
192,Poronaysk,RU,2022-03-12 23:44:55,49.2167,143.1167,22.96,91,72,1.63
193,Gorzow Wielkopolski,PL,2022-03-12 23:40:15,52.7368,15.2288,34.39,41,0,7.45
194,Pevek,RU,2022-03-12 23:44:55,69.7008,170.3133,-7.51,99,100,1.92
195,Dhidhdhoo,MV,2022-03-12 23:44:56,6.8833,73.1,82.08,71,1,8.21
196,Tabou,CI,2022-03-12 23:44:56,4.423,-7.3528,79.09,86,89,3.38
197,Port Blair,IN,2022-03-12 23:41:05,11.6667,92.75,77.04,94,20,2.3
198,Saint-Francois,FR,2022-03-12 23:44:56,46.4154,3.9054,49.44,62,0,14.97
199,Bajmok,RS,2022-03-12 23:44:57,45.9688,19.4243,31.17,50,0,3.69
200,Margate,GB,2022-03-12 23:44:57,51.3813,1.3862,48.31,78,65,5.99
201,Tamworth,GB,2022-03-12 23:44:57,52.634,-1.6959,48.02,80,100,13.0
202,Fort Frances,CA,2022-03-12 23:44:58,48.5999,-93.4003,17.82,46,100,7.0
203,Araouane,ML,2022-03-12 23:44:58,18.9048,-3.5265,70.79,10,0,10.87
204,San Quintin,MX,2022-03-12 23:44:59,30.4833,-115.95,64.38,41,63,11.74
205,Kalmunai,LK,2022-03-12 23:44:59,7.4167,81.8167,78.64,82,97,8.19
206,Macau,MO,2022-03-12 23:44:59,22.2006,113.5461,73.2,83,20,1.14
207,Nanortalik,GL,2022-03-12 23:45:00,60.1432,-45.2371,14.11,69,100,37.13
208,Ust-Karsk,RU,2022-03-12 23:45:00,52.7011,118.8077,11.17,93,93,0.89
209,Pochutla,MX,2022-03-12 23:45:00,15.7432,-96.4661,84.02,56,29,9.57
210,Orapa,BW,2022-03-12 23:45:01,-21.2833,25.3667,70.36,57,0,11.48
211,Samarai,PG,2022-03-12 23:45:01,-10.6167,150.6667,84.97,72,100,12.5
212,Nuuk,GL,2022-03-12 23:45:02,64.1835,-51.7216,5.61,85,100,10.36
213,Asau,RO,2022-03-12 23:45:02,46.4333,26.4,29.95,63,100,3.96
214,Hasaki,JP,2022-03-12 23:44:23,35.7333,140.8333,52.29,75,92,2.89
215,Cabinda,AO,2022-03-12 23:45:02,-5.55,12.2,79.25,84,100,3.83
216,Olenegorsk,RU,2022-03-12 23:45:03,68.15,33.3,23.36,99,99,1.28
217,Kununurra,AU,2022-03-12 23:40:25,-15.7667,128.7333,82.38,94,82,3.44
218,Lompoc,US,2022-03-12 23:45:03,34.6391,-120.4579,75.69,61,0,15.99
219,Mercedes,AR,2022-03-12 23:45:04,-34.6515,-59.4307,64.85,53,0,7.0
220,Cherskiy,RU,2022-03-12 23:45:04,68.75,161.3,-6.41,98,100,2.04
221,Bridlington,GB,2022-03-12 23:44:25,54.0831,-0.1919,46.89,88,97,22.06
222,Thompson,CA,2022-03-12 23:45:04,55.7435,-97.8558,12.36,52,75,6.91
223,Hay River,CA,2022-03-12 23:45:05,60.8156,-115.7999,3.18,66,75,9.22
224,Marystown,CA,2022-03-12 23:45:05,47.1666,-55.1483,38.86,100,100,8.01
225,Eyl,SO,2022-03-12 23:45:05,7.9803,49.8164,74.16,82,74,13.31
226,Norrtalje,SE,2022-03-12 23:45:06,59.758,18.705,29.35,81,95,3.31
227,Portland,US,2022-03-12 23:41:07,45.5234,-122.6762,55.42,75,100,11.5
228,Hue,VN,2022-03-12 23:45:06,16.4667,107.6,66.31,100,40,2.3
229,Abu Samrah,SY,2022-03-12 23:46:07,35.3029,37.1841,37.4,92,97,6.85
230,Lata,PT,2022-03-12 23:46:07,40.1629,-8.3327,49.08,97,90,4.12
231,Tirumakudal Narsipur,IN,2022-03-12 23:46:08,12.21,76.9064,68.04,43,40,1.12
232,Kampot,KH,2022-03-12 23:46:08,10.6167,104.1833,77.05,81,100,4.52
233,Narayanpet,IN,2022-03-12 23:46:08,16.7333,77.5,80.87,37,92,5.46
234,Vila,PT,2022-03-12 23:46:09,42.0304,-8.1588,40.08,93,99,4.97
235,Norman Wells,CA,2022-03-12 23:46:09,65.282,-126.8329,-3.96,54,75,23.02
236,Vorsma,RU,2022-03-12 23:46:10,55.9856,43.2717,8.44,99,86,2.75
237,Doembang Nangbuat,TH,2022-03-12 23:46:10,14.8333,100.1,81.36,72,99,6.26
238,Avila,ES,2022-03-12 23:46:10,40.5833,-5.0,42.66,99,100,9.69
239,Carmen,MX,2022-03-12 23:46:11,18.6333,-91.8333,74.17,88,94,30.62
240,Were Ilu,ET,2022-03-12 23:46:11,10.6,39.4333,50.85,59,67,5.23
241,Port Antonio,JM,2022-03-12 23:46:12,18.18,-76.4612,81.0,83,1,10.42
242,Vila Velha,BR,2022-03-12 23:45:50,-20.3297,-40.2925,80.55,88,75,5.75
243,Oistins,BB,2022-03-12 23:43:22,13.0667,-59.5333,77.09,73,20,23.02
244,Bay Roberts,CA,2022-03-12 23:46:12,47.5999,-53.2648,38.03,94,100,3.0
245,Havelock,US,2022-03-12 23:46:13,34.8791,-76.9013,40.95,63,95,8.01
246,Alexandria,EG,2022-03-12 23:45:21,31.2156,29.9553,51.76,66,40,3.44
247,Moose Factory,CA,2022-03-12 23:46:13,51.2585,-80.6094,3.2,47,0,9.22
248,Nelson Bay,AU,2022-03-12 23:46:14,-32.7167,152.15,76.08,74,81,1.99
249,Olafsvik,IS,2022-03-12 23:46:14,64.8945,-23.7142,37.04,64,79,17.4
250,Lagoa,PT,2022-03-12 23:46:15,39.05,-27.9833,56.82,62,82,18.03
251,San Cristobal,VE,2022-03-12 23:46:16,7.7669,-72.225,73.58,94,92,1.52
252,Pingliang,CN,2022-03-12 23:46:16,35.5392,106.6861,52.83,65,0,5.68
253,Kota Tinggi,MY,2022-03-12 23:46:16,1.7381,103.8999,77.29,91,58,1.74
254,Kolpashevo,RU,2022-03-12 23:46:17,58.3131,82.9089,-22.45,100,91,0.27
255,Shimoda,JP,2022-03-12 23:46:17,34.6667,138.95,55.76,60,99,8.03
256,Saint-Paul,RE,2022-03-12 23:46:18,-21.0096,55.2707,77.11,81,15,4.16
257,Hamilton,US,2022-03-12 23:45:39,39.1834,-84.5333,25.77,49,40,20.71
258,Shenjiamen,CN,2022-03-12 23:46:18,29.9576,122.298,58.48,92,54,20.6
259,Ladnun,IN,2022-03-12 23:46:19,27.65,74.3833,73.2,30,0,7.92
260,Aitape,PG,2022-03-12 23:46:19,-3.1374,142.3475,84.94,71,94,5.39
261,Yarkovo,RU,2022-03-12 23:46:20,57.4028,67.0786,-18.76,100,79,3.65
262,Blyth,GB,2022-03-12 23:46:20,55.1271,-1.5086,47.08,78,40,6.91
263,Chengde,CN,2022-03-12 23:46:20,40.9725,117.9361,41.83,70,70,2.64
264,Xiaoweizhai,CN,2022-03-12 23:46:21,26.1903,107.5125,62.35,98,100,2.3
265,Rock Sound,BS,2022-03-12 23:46:21,24.9,-76.2,77.59,85,2,12.39
266,Killybegs,IE,2022-03-12 23:46:22,54.6333,-8.45,44.38,78,99,18.48
267,Codrington,AU,2022-03-12 23:46:22,-38.2667,141.9667,72.46,43,0,2.93
268,Cayenne,GF,2022-03-12 23:46:23,4.9333,-52.3333,76.08,5,100,8.05
269,Srandakan,ID,2022-03-12 23:46:24,-7.9386,110.2506,78.73,87,100,5.03
270,Candolim,IN,2022-03-12 23:46:24,15.5181,73.7626,78.8,83,20,0.0
271,Biltine,TD,2022-03-12 23:46:25,14.5333,20.9167,75.83,13,4,13.51
272,Amalapuram,IN,2022-03-12 23:46:25,16.5833,82.0167,69.8,84,20,2.39
273,Namibe,AO,2022-03-12 23:47:26,-15.1961,12.1522,72.43,82,98,8.93
274,Atambua,ID,2022-03-12 23:47:26,-9.1061,124.8925,79.3,77,88,2.55
275,Santa Isabel Do Rio Negro,BR,2022-03-12 23:47:27,-0.4139,-65.0192,74.48,97,95,2.06
276,Kristiansund,NO,2022-03-12 23:47:27,63.1115,7.732,48.85,29,87,9.22
277,Yulara,AU,2022-03-12 23:47:28,-25.2406,130.9889,78.64,17,82,10.36
278,Kavaratti,IN,2022-03-12 23:47:28,10.5669,72.642,82.54,73,24,8.79
279,Wahpeton,US,2022-03-12 23:44:03,46.2652,-96.6059,28.42,64,0,20.71
280,Bowen,AU,2022-03-12 23:47:29,-20.0167,148.2333,82.65,66,97,23.51
281,Santa Maria,BR,2022-03-12 23:47:29,-29.6842,-53.8069,65.5,82,20,5.75
282,Hurghada,EG,2022-03-12 23:44:40,27.2574,33.8129,53.64,43,0,16.11
283,Batagay-Alyta,RU,2022-03-12 23:47:30,67.8006,130.4114,-13.07,88,99,5.08
284,Rizhao,CN,2022-03-12 23:47:30,35.4275,119.4553,51.06,88,45,4.14
285,Rio Tercero,AR,2022-03-12 23:47:30,-32.173,-64.1141,63.84,57,4,7.29
286,Stykkisholmur,IS,2022-03-12 23:47:31,65.0757,-22.7297,33.01,79,85,12.75
287,Dakoro,NE,2022-03-12 23:47:31,14.5106,6.765,75.4,20,38,10.6
288,Hofn,IS,2022-03-12 23:47:31,64.2539,-15.2082,38.07,69,100,5.84
289,Inhambane,MZ,2022-03-12 23:47:32,-23.865,35.3833,74.97,80,39,6.93
290,Anadyr,RU,2022-03-12 23:47:32,64.75,177.4833,5.5,71,0,4.47
291,Saint-Georges,GD,2022-03-12 23:47:33,12.0564,-61.7485,78.48,78,40,25.32
292,Vanavara,RU,2022-03-12 23:47:33,60.34,102.2797,-21.6,100,99,2.01
293,Matadi,CD,2022-03-12 23:47:33,-5.8167,13.45,76.1,97,100,2.37
294,Deputatskiy,RU,2022-03-12 23:47:34,69.3,139.9,-12.93,99,100,3.02
295,Sorland,NO,2022-03-12 23:47:34,67.667,12.6934,39.49,74,15,13.8
296,Nola,IT,2022-03-12 23:47:34,40.922,14.5329,46.92,49,99,5.39
297,Urusha,RU,2022-03-12 23:47:35,54.05,122.9,6.48,83,100,1.39
298,Nosy Varika,MG,2022-03-12 23:47:35,-20.5833,48.5333,72.95,92,85,6.4
299,Dudinka,RU,2022-03-12 23:47:36,69.4058,86.1778,-25.96,100,47,7.38
300,Fare,PF,2022-03-12 23:47:36,-16.7,-151.0167,81.45,72,57,10.65
301,Conde,BR,2022-03-12 23:47:36,-7.2597,-34.9075,80.06,89,40,5.75
302,Mount Darwin,ZW,2022-03-12 23:47:37,-16.7725,31.5838,62.71,91,57,2.8
303,Caravelas,BR,2022-03-12 23:47:37,-17.7125,-39.2481,76.78,85,4,5.1
304,Kolondieba,ML,2022-03-12 23:47:38,11.0882,-6.8926,82.9,18,100,5.53
305,Constitucion,CL,2022-03-12 23:47:38,-35.3333,-72.4167,58.71,87,11,7.34
306,Yurino,RU,2022-03-12 23:47:38,56.2942,46.3039,4.91,97,42,4.25
307,Muros,ES,2022-03-12 23:47:39,42.7762,-9.0603,50.09,79,100,10.83
308,Poum,NC,2022-03-12 23:47:39,-20.2333,164.0167,82.02,74,14,6.2
309,Alegrete,BR,2022-03-12 23:47:40,-29.7831,-55.7919,64.74,68,84,9.46
310,Biratnagar,NP,2022-03-12 23:47:40,26.4831,87.2834,66.9,33,0,4.79
311,Airai,TL,2022-03-12 23:47:40,-8.9266,125.4092,69.22,73,94,2.13
312,Tocopilla,CL,2022-03-12 23:47:41,-22.092,-70.1979,70.81,76,12,5.57
313,Dicabisagan,PH,2022-03-12 23:47:41,17.0818,122.4157,75.51,92,100,5.66
314,San Patricio,US,2022-03-12 23:47:41,28.017,-97.5169,59.54,33,0,5.48
315,Nacala,MZ,2022-03-12 23:47:42,-14.5428,40.6728,76.15,92,95,5.21
316,Tornio,FI,2022-03-12 23:47:42,65.8481,24.1466,21.22,99,100,5.32
317,Mayumba,GA,2022-03-12 23:47:43,-3.432,10.6554,76.89,91,100,5.93
318,Manado,ID,2022-03-12 23:46:35,1.487,124.8455,81.37,89,20,1.14
319,Qasigiannguit,GL,2022-03-12 23:48:43,68.8193,-51.1922,7.05,97,100,7.02
320,Vidalia,US,2022-03-12 23:46:46,32.2177,-82.4135,43.72,31,0,11.5
321,Sosnovo-Ozerskoye,RU,2022-03-12 23:48:44,52.5249,111.5418,0.95,95,100,2.42
322,Casambalangan,PH,2022-03-12 23:48:44,18.3765,122.1274,76.75,85,99,9.06
323,Denpasar,ID,2022-03-12 23:44:55,-8.65,115.2167,80.26,88,20,3.44
324,Lagos,NG,2022-03-12 23:45:02,6.5833,3.75,80.92,91,99,8.88
325,Kaeo,NZ,2022-03-12 23:48:45,-35.1,173.7833,75.33,75,95,7.92
326,Longyearbyen,SJ,2022-03-12 23:48:45,78.2186,15.6401,21.04,86,75,2.3
327,Luanda,AO,2022-03-12 23:48:46,-8.8368,13.2343,80.6,78,20,6.91
328,Ocara,BR,2022-03-12 23:48:46,-4.4908,-38.5967,73.58,92,100,4.45
329,Lapua,FI,2022-03-12 23:48:46,62.9693,23.0088,28.31,89,84,4.25
330,Talara,PE,2022-03-12 23:48:47,-4.5772,-81.2719,78.53,80,82,9.24
331,Olavarria,AR,2022-03-12 23:48:47,-36.8927,-60.3225,61.52,40,2,6.73
332,Ust-Nera,RU,2022-03-12 23:48:48,64.5667,143.2,1.33,90,100,2.59
333,Izhma,RU,2022-03-12 23:48:48,65.0083,53.9113,12.22,99,96,4.25
334,Saint-Joseph,RE,2022-03-12 23:48:48,-21.3667,55.6167,75.58,87,56,13.49
335,Takoradi,GH,2022-03-12 23:48:49,4.8845,-1.7554,79.9,85,86,5.3
336,Tubmanburg,LR,2022-03-12 23:48:49,6.8708,-10.8172,76.59,95,99,2.28
337,Kavieng,PG,2022-03-12 23:48:49,-2.5744,150.7967,84.65,69,93,10.25
338,Laguna,US,2022-03-12 23:48:50,38.421,-121.4238,72.45,28,0,8.05
339,Banda Aceh,ID,2022-03-12 23:48:50,5.5577,95.3222,78.24,83,63,4.68
340,Opuwo,NA,2022-03-12 23:48:50,-18.0607,13.84,67.8,85,99,2.35
341,Vila Franca Do Campo,PT,2022-03-12 23:48:51,37.7167,-25.4333,56.19,75,100,6.06
342,Tabasco,MX,2022-03-12 23:46:42,18.0,-92.6667,68.07,91,100,13.73
343,Salinas,US,2022-03-12 23:48:08,36.6777,-121.6555,69.49,52,0,11.5
344,Kizilskoye,RU,2022-03-12 23:48:51,52.7255,58.8937,-12.3,100,39,7.58
345,Faanui,PF,2022-03-12 23:48:52,-16.4833,-151.75,81.72,70,45,11.07
346,Llandrindod Wells,GB,2022-03-12 23:45:07,52.2416,-3.3787,43.41,93,100,20.22
347,Maceio,BR,2022-03-12 23:46:06,-9.6658,-35.7353,78.24,83,20,6.91
348,Jingdezhen,CN,2022-03-12 23:45:49,29.2947,117.2079,68.77,83,99,1.59
349,Arlit,NE,2022-03-12 23:48:52,18.7369,7.3853,70.84,13,0,9.78
350,Neuquen,AR,2022-03-12 23:48:53,-38.9516,-68.0591,78.69,36,20,5.75
351,Najran,SA,2022-03-12 23:48:53,17.4924,44.1277,65.05,32,4,4.99
352,Soyo,AO,2022-03-12 23:48:54,-6.1349,12.3689,79.99,79,100,4.21
353,Enshi,CN,2022-03-12 23:48:54,30.3,109.4833,63.32,92,99,1.01
354,Rayong,TH,2022-03-12 23:45:56,12.8333,101.4333,84.79,99,84,2.26
355,Omboue,GA,2022-03-12 23:48:55,-1.5746,9.2618,77.27,88,93,2.71
356,Castleisland,IE,2022-03-12 23:48:55,52.2333,-9.4667,44.98,94,80,19.89
357,Dukat,RU,2022-03-12 23:48:55,62.55,155.55,0.43,93,93,3.44
358,Tahoua,NE,2022-03-12 23:48:56,14.8888,5.2692,78.42,18,39,10.83
359,Stanari,BA,2022-03-12 23:48:56,44.7472,17.8294,20.08,73,0,3.4
360,Paita,PE,2022-03-12 23:48:56,-5.0892,-81.1144,77.23,79,59,11.92
361,Jinxiang,CN,2022-03-12 23:48:57,27.4327,120.6062,63.43,90,98,2.73
362,Namatanai,PG,2022-03-12 23:48:57,-3.6667,152.4333,84.81,66,73,5.95
363,Tacoaleche,MX,2022-03-12 23:48:58,22.8167,-102.4167,68.86,40,0,14.23
364,Kaduqli,SD,2022-03-12 23:49:58,11.0167,29.7167,78.33,14,92,16.8
365,Zhelyabovka,UA,2022-03-12 23:49:59,45.3988,34.7578,20.5,86,100,5.03
366,Abhar,IR,2022-03-12 23:49:59,36.1468,49.218,37.53,59,75,0.98
367,Quime,BO,2022-03-12 23:49:59,-16.9833,-67.2167,50.04,95,99,1.45
368,Dossor,KZ,2022-03-12 23:50:00,47.5272,52.9811,25.38,90,100,9.84
369,Broome,US,2022-03-12 23:50:00,42.2506,-75.833,20.46,72,100,16.11
370,Taoudenni,ML,2022-03-12 23:50:01,22.6783,-3.9836,73.4,12,0,9.95
371,Verkhnyaya Toyma,RU,2022-03-12 23:50:01,62.2349,44.9985,26.64,93,100,7.0
372,Sawakin,SD,2022-03-12 23:50:02,19.1059,37.3321,70.63,67,86,11.68
373,Lavrentiya,RU,2022-03-12 23:50:02,65.5833,-171.0,14.63,74,1,5.26
374,Coahuayana,MX,2022-03-12 23:50:02,18.7333,-103.6833,79.3,57,0,5.48
375,Christchurch,NZ,2022-03-12 23:49:54,-43.5333,172.6333,66.94,63,100,9.22
376,Giovinazzo,IT,2022-03-12 23:50:03,41.1864,16.6674,38.82,80,0,6.91
377,Tatawin,TN,2022-03-12 23:50:03,32.9297,10.4518,57.74,32,85,5.68
378,Fairbanks,US,2022-03-12 23:50:02,64.8378,-147.7164,17.1,38,0,17.27
379,Metapan,SV,2022-03-12 23:50:04,14.3333,-89.45,89.98,47,6,8.57
380,Vestmanna,FO,2022-03-12 23:50:04,62.1564,-7.1664,40.12,93,100,13.8
381,Kahului,US,2022-03-12 23:48:37,20.8947,-156.47,86.02,57,20,21.85
382,Thanesar,IN,2022-03-12 23:50:05,29.9833,76.8167,61.43,53,1,5.35
383,Wuwei,CN,2022-03-12 23:50:05,37.9281,102.6414,46.69,20,5,2.91
384,San Andres,CO,2022-03-12 23:50:06,12.5847,-81.7006,80.69,77,3,12.86
385,Santiago Del Estero,AR,2022-03-12 23:50:06,-27.7951,-64.2615,70.25,57,4,7.38
386,Berlevag,NO,2022-03-12 23:50:06,70.8578,29.0864,29.14,80,86,6.17
387,Hirado,JP,2022-03-12 23:50:07,33.3597,129.5531,64.38,82,100,18.86
388,Presidencia Roque Saenz Pena,AR,2022-03-12 23:50:07,-26.7852,-60.4388,69.69,47,98,5.88
389,Lusambo,CD,2022-03-12 23:50:07,-4.9667,23.45,68.45,99,100,2.37
390,Oranjestad,AW,2022-03-12 23:50:08,12.524,-70.027,80.55,74,20,19.57
391,Tura,IN,2022-03-12 23:50:08,25.5198,90.2201,68.04,27,69,2.82
392,Slonim,BY,2022-03-12 23:50:08,53.0867,25.3219,30.9,79,50,4.36
393,Menongue,AO,2022-03-12 23:50:09,-14.6585,17.691,62.76,97,98,4.56
394,High Rock,BS,2022-03-12 23:50:09,26.6208,-78.2833,71.62,74,81,27.04
395,Lasa,IT,2022-03-12 23:50:09,46.6166,10.7002,34.68,97,85,2.95
396,Qaqortoq,GL,2022-03-12 23:50:10,60.7167,-46.0333,8.96,61,100,29.8
397,La Baule-Escoublac,FR,2022-03-12 23:50:10,47.2922,-2.364,51.46,86,100,19.57
398,Ornskoldsvik,SE,2022-03-12 23:50:11,63.2909,18.7153,20.35,100,100,3.44
399,Ampanihy,MG,2022-03-12 23:50:11,-24.7,44.75,73.11,66,0,5.88
400,Coffs Harbour,AU,2022-03-12 23:50:11,-30.3,153.1333,66.16,94,75,10.36
401,Geraldton,AU,2022-03-12 23:50:12,-28.7667,114.6,68.41,83,63,10.36
402,Kamaishi,JP,2022-03-12 23:50:12,39.2667,141.8833,44.49,67,98,3.65
403,Honningsvag,NO,2022-03-12 23:50:12,70.9821,25.9704,38.03,89,99,6.33
404,Ponta Do Sol,PT,2022-03-12 23:50:13,32.6667,-17.1,65.71,79,97,7.61
405,Ninghai,CN,2022-03-12 23:50:13,29.2892,121.4247,62.24,92,71,3.38
406,Clyde River,CA,2022-03-12 23:50:13,70.4692,-68.5914,-21.77,69,0,6.91
407,Faya,SA,2022-03-12 23:50:14,18.3851,42.4509,57.72,71,4,5.06
408,Belmonte,BR,2022-03-12 23:50:14,-15.8631,-38.8828,77.94,84,1,7.05
409,Meadow Lake,US,2022-03-12 23:49:45,34.8014,-106.5436,56.57,16,0,3.38
410,La Ronge,CA,2022-03-12 23:45:25,55.1001,-105.2842,19.65,58,75,11.5
411,Mayo,US,2022-03-12 23:49:32,38.8876,-76.5119,29.95,51,40,20.0
412,Vao,NC,2022-03-12 23:50:15,-22.6667,167.4833,79.41,70,94,11.63
413,Tanete,ID,2022-03-12 23:51:15,-3.9443,119.7848,79.43,88,98,0.72
414,Iqaluit,CA,2022-03-12 23:51:16,63.7506,-68.5145,-20.47,76,20,0.0
415,Babra,IN,2022-03-12 23:51:16,21.85,71.3,78.39,20,0,6.69
416,Kubachi,RU,2022-03-12 23:51:16,42.086,47.6034,9.9,77,18,6.67
417,Kraslava,LV,2022-03-12 23:51:17,55.8951,27.168,25.7,97,34,2.04
418,Gunjur,GM,2022-03-12 23:51:17,13.2019,-16.7339,75.27,53,0,4.29
419,Saint-Denis,FR,2022-03-12 23:51:17,48.9167,2.3333,50.07,85,100,16.11
420,Coquimbo,CL,2022-03-12 23:50:18,-29.9533,-71.3436,64.13,72,0,8.05
421,Port Hardy,CA,2022-03-12 23:51:18,50.6996,-127.4199,44.6,87,100,17.27
422,Atar,MR,2022-03-12 23:51:18,20.5169,-13.0499,71.29,10,0,7.36
423,Gornyy,RU,2022-03-12 23:51:18,55.1153,83.9059,-16.87,100,64,5.35
424,Thurso,GB,2022-03-12 23:51:19,58.5927,-3.5259,43.05,83,68,8.48
425,Vanimo,PG,2022-03-12 23:51:19,-2.6741,141.3028,82.67,77,97,6.33
426,Kurilsk,RU,2022-03-12 23:51:20,45.2333,147.8833,31.08,87,87,11.1
427,High Prairie,CA,2022-03-12 23:51:20,55.4334,-116.4858,23.49,85,99,4.79
428,Sitka,US,2022-03-12 23:51:20,57.0531,-135.33,44.49,70,40,0.0
429,Baykit,RU,2022-03-12 23:51:21,61.67,96.37,-25.33,99,39,3.2
430,Boden,SE,2022-03-12 23:51:21,65.8252,21.6886,21.2,92,100,1.59
431,Souillac,MU,2022-03-12 23:51:22,-20.5167,57.5167,79.18,94,75,11.5
432,Katima Mulilo,NA,2022-03-12 23:51:22,-17.5,24.2667,68.22,82,100,6.2
433,Harper,LR,2022-03-12 23:51:22,4.375,-7.7169,79.43,85,92,3.06
434,Dzilam Gonzalez,MX,2022-03-12 23:51:23,21.2833,-88.9333,71.85,77,82,14.29
435,Ongandjera,NA,2022-03-12 23:51:23,-17.8833,15.0667,70.5,82,97,6.64
436,Mogzon,RU,2022-03-12 23:51:23,51.7435,111.9606,2.97,94,96,1.01
437,Mehran,IR,2022-03-12 23:51:24,33.1222,46.1646,52.9,39,62,8.57
438,Kryvyy Rih,UA,2022-03-12 23:51:24,47.9167,33.35,27.23,74,100,6.15
439,Ballina,AU,2022-03-12 23:51:24,-28.8667,153.5667,73.36,83,40,8.05
440,Bull Savanna,JM,2022-03-12 23:51:25,17.8868,-77.5902,75.15,79,0,7.29
441,Kiruna,SE,2022-03-12 23:51:25,67.8557,20.2251,23.92,93,81,5.75
442,Ixtapa,MX,2022-03-12 23:49:00,20.7,-105.2,74.23,79,1,7.0
443,Pilar,BR,2022-03-12 23:51:26,-9.5972,-35.9567,76.93,81,69,3.78
444,Kewanee,US,2022-03-12 23:51:26,41.2456,-89.9248,23.49,53,3,8.08
445,Ostrovnoy,RU,2022-03-12 23:51:26,68.0531,39.5131,29.68,87,100,18.32
446,Darhan,MN,2022-03-12 23:51:27,49.4867,105.9228,17.74,92,100,5.88
447,Le Port,RE,2022-03-12 23:51:27,-20.9373,55.2919,77.0,90,16,6.08
448,Ambilobe,MG,2022-03-12 23:51:27,-13.2,49.05,72.36,95,96,1.9
449,Martapura,ID,2022-03-12 23:51:28,-3.4167,114.85,77.09,100,40,2.3
450,Sydney,AU,2022-03-12 23:47:11,-33.8679,151.2073,74.32,76,75,4.61
451,Akyab,MM,2022-03-12 23:51:28,20.15,92.9,72.07,45,36,6.08
452,Port Macquarie,AU,2022-03-12 23:48:44,-31.4333,152.9167,71.89,66,89,4.29
453,Byron Bay,AU,2022-03-12 23:51:29,-28.65,153.6167,73.29,72,69,8.25
454,Orzhytsya,UA,2022-03-12 23:50:49,49.7918,32.7012,28.67,96,99,3.53
455,Winnemucca,US,2022-03-12 23:51:29,40.973,-117.7357,62.65,19,0,12.66
456,Chardara,KZ,2022-03-12 23:51:30,41.2547,67.9692,57.65,75,100,8.77
457,Coihaique,CL,2022-03-12 23:51:30,-45.5752,-72.0662,64.35,52,0,2.3
458,Espanola,US,2022-03-12 23:47:24,35.9911,-106.0806,54.95,33,0,7.36
459,Daru,PG,2022-03-12 23:51:30,-9.0763,143.2092,85.17,71,94,8.28
460,Moerai,PF,2022-03-12 23:51:31,-22.4333,-151.3333,80.53,73,100,9.73
461,Cepelare,BG,2022-03-12 23:52:31,41.7333,24.6833,15.19,94,70,2.59
462,Dumas,US,2022-03-12 23:52:31,35.8656,-101.9732,58.53,21,0,11.5
463,Cidreira,BR,2022-03-12 23:52:32,-30.1811,-50.2056,70.29,65,72,8.77
464,Salinopolis,BR,2022-03-12 23:52:32,-0.6136,-47.3561,76.98,85,100,8.48
465,Virovitica,HR,2022-03-12 23:52:32,45.8319,17.3839,28.87,51,1,2.42
466,Chuy,UY,2022-03-12 23:52:33,-33.6971,-53.4616,59.43,76,0,6.76
467,Lapi,PH,2022-03-12 23:52:33,17.716,121.8978,76.91,88,68,1.01
468,Mapastepec,MX,2022-03-12 23:52:34,15.4333,-92.9,84.76,58,16,0.87
469,Manjacaze,MZ,2022-03-12 23:52:34,-24.7117,33.8828,68.7,95,0,2.28
470,Zephyrhills,US,2022-03-12 23:48:37,28.2336,-82.1812,57.22,59,0,14.85
471,Heiligenhafen,DE,2022-03-12 23:52:35,54.3667,10.9833,36.75,60,0,14.85
472,Ahipara,NZ,2022-03-12 23:52:35,-35.1667,173.1667,71.26,83,95,4.5
473,San Lorenzo,PY,2022-03-12 23:52:35,-25.3333,-57.5333,74.59,69,0,5.99
474,Puerto Del Rosario,ES,2022-03-12 23:52:36,28.5004,-13.8627,62.35,77,0,6.91
475,Batemans Bay,AU,2022-03-12 23:52:36,-35.7167,150.1833,69.1,59,9,4.34
476,Alto Longa,BR,2022-03-12 23:52:36,-5.2511,-42.2103,72.72,96,97,4.03
477,Colesberg,ZA,2022-03-12 23:52:37,-30.72,25.0972,65.66,71,25,5.39
478,Smithers,CA,2022-03-12 23:52:37,54.7804,-127.1743,44.92,36,40,2.3
479,Pacific Grove,US,2022-03-12 23:52:37,36.6177,-121.9166,65.55,73,0,11.01
480,Isangel,VU,2022-03-12 23:52:38,-19.55,169.2667,85.68,68,10,0.4
481,Chama,CH,2022-03-12 23:52:38,47.1821,8.4636,41.22,80,20,0.0
482,Ternate,ID,2022-03-12 23:52:38,0.8,127.4,82.13,78,91,4.32
483,Sabha,LY,2022-03-12 23:52:39,27.0377,14.4283,54.1,23,10,8.01
484,Roald,NO,2022-03-12 23:52:39,62.5833,6.1333,51.94,40,65,12.66
485,Mazagao,BR,2022-03-12 23:52:40,-0.115,-51.2894,82.45,96,75,2.86
486,Dehloran,IR,2022-03-12 23:52:40,32.6941,47.2679,59.76,29,99,5.82
487,Nuevo Progreso,MX,2022-03-12 23:52:40,23.1667,-97.95,61.54,42,19,8.99
488,Semnan,IR,2022-03-12 23:52:41,35.5729,53.3971,53.44,26,0,4.61
489,Fort-Shevchenko,KZ,2022-03-12 23:52:41,44.5086,50.263,31.73,77,100,16.73
490,Tutoia,BR,2022-03-12 23:52:41,-2.7619,-42.2744,76.33,86,92,2.68
491,Honiara,SB,2022-03-12 23:50:44,-9.4333,159.95,82.17,77,97,1.72
492,Mujiayingzi,CN,2022-03-12 23:52:42,42.1167,118.7833,32.63,46,75,2.57
493,Talwandi Bhai,IN,2022-03-12 23:52:42,30.85,74.9333,61.75,57,16,3.04
494,Mogadishu,SO,2022-03-12 23:52:43,2.0371,45.3438,77.85,78,57,18.34
495,Ilinskiy,RU,2022-03-12 23:52:43,55.619,38.1182,26.98,86,0,6.71
496,Edson,CA,2022-03-12 23:52:43,53.5835,-116.4356,42.94,31,100,16.11
497,Komsomolskiy,UZ,2022-03-12 23:52:44,40.4272,71.7189,52.52,87,75,6.91
498,Black River,JM,2022-03-12 23:52:44,18.0264,-77.8487,78.01,76,2,4.03
499,Isabela,PH,2022-03-12 23:52:44,6.7085,121.9711,78.85,80,85,1.52
500,Zhigalovo,RU,2022-03-12 23:52:45,54.8097,105.1578,-14.94,100,99,1.14
501,Safonovo,RU,2022-03-12 23:52:45,55.15,33.2167,21.58,98,96,3.94
502,Benghazi,LY,2022-03-12 23:52:46,32.1167,20.0667,53.92,62,100,7.09
503,Bulawayo,ZW,2022-03-12 23:52:46,-20.15,28.5833,60.22,80,5,7.11
504,Novoagansk,RU,2022-03-12 23:52:46,61.9449,76.6625,-0.09,96,100,7.54
505,Bundaberg,AU,2022-03-12 23:52:47,-24.85,152.35,79.09,65,32,13.8
506,Tamandare,BR,2022-03-12 23:53:47,-8.7597,-35.1047,79.95,78,89,8.1
507,Binabalian,PH,2022-03-12 23:53:47,16.4202,119.9279,80.73,75,92,11.99
508,Orlik,RU,2022-03-12 23:53:48,52.5178,99.825,-3.91,99,100,1.16
509,Ous,RU,2022-03-12 23:53:48,60.9058,61.5186,8.65,94,100,7.14
510,Nioro,GM,2022-03-12 23:53:48,13.35,-15.75,80.02,24,56,4.27
511,Roebourne,AU,2022-03-12 23:53:49,-20.7833,117.1333,90.54,41,23,6.04
512,Burjuc,RO,2022-03-12 23:53:49,45.9522,22.4867,27.18,56,11,0.54
513,Challans,FR,2022-03-12 23:53:50,46.8436,-1.8749,50.97,93,100,16.26
514,Dhariwal,IN,2022-03-12 23:53:50,31.9542,75.3192,59.49,74,20,3.09
515,Krasnoobsk,RU,2022-03-12 23:53:50,54.9198,82.9909,-7.11,99,19,6.35
516,Aranda De Duero,ES,2022-03-12 23:53:51,41.6704,-3.6892,40.5,95,100,13.76
517,Las Margaritas,MX,2022-03-12 23:53:51,16.3167,-91.9833,65.14,76,55,7.83
518,Ilulissat,GL,2022-03-12 23:53:51,69.2167,-51.1,-4.41,99,100,6.78
519,Skjervoy,NO,2022-03-12 23:53:53,70.0311,20.9714,38.16,76,86,12.84
520,Kaliua,TZ,2022-03-12 23:53:53,-5.0606,31.7936,64.29,98,97,3.87
521,Camacha,PT,2022-03-12 23:53:54,33.0833,-16.3333,60.22,88,40,14.97
522,Qom,IR,2022-03-12 23:53:54,34.6401,50.8764,56.8,27,100,1.54
523,Belluno,IT,2022-03-12 23:53:54,46.145,12.2214,35.87,63,6,1.01
524,Rincon,US,2022-03-12 23:49:47,32.296,-81.2354,46.36,34,40,21.85
525,Poso,ID,2022-03-12 23:53:55,-1.3959,120.7524,80.24,84,95,3.51
526,Ise,JP,2022-03-12 23:53:55,34.4833,136.7,55.4,77,99,3.22
527,Istisu,AZ,2022-03-12 23:53:55,40.9457,48.0738,29.07,77,65,4.56
528,Necochea,AR,2022-03-12 23:53:56,-38.5473,-58.7368,62.35,57,62,12.46
529,Chase,CA,2022-03-12 23:53:56,50.8165,-119.6857,44.33,94,100,2.71
530,Moron,AR,2022-03-12 23:53:57,-34.6534,-58.6198,69.98,60,0,4.85
531,Teya,RU,2022-03-12 23:53:57,60.3778,92.6267,-22.7,100,98,2.1
532,Mezen,RU,2022-03-12 23:53:57,65.8522,44.24,19.08,96,86,7.14
533,Adre,TD,2022-03-12 23:53:58,13.4667,22.2,71.56,15,3,16.35
534,Puerto Escondido,MX,2022-03-12 23:53:58,15.85,-97.0667,82.17,64,34,8.63
535,Xifeng,CN,2022-03-12 23:53:58,42.7372,124.7222,33.91,76,100,6.76
536,Chincha Alta,PE,2022-03-12 23:53:59,-13.4099,-76.1323,72.19,83,99,2.86
537,Belaya Gora,RU,2022-03-12 23:53:59,68.5333,146.4167,-4.14,87,100,2.24
538,Severo-Yeniseyskiy,RU,2022-03-12 23:53:59,60.3725,93.0408,-24.18,100,98,2.91
539,Miandrivazo,MG,2022-03-12 23:54:00,-19.5167,45.4667,76.06,88,100,3.38
540,Abnub,EG,2022-03-12 23:54:00,27.2696,31.1511,48.42,41,0,11.9
541,Madimba,TZ,2022-03-12 23:54:00,-10.4,40.3333,77.14,82,85,3.53
542,Balsa,RO,2022-03-12 23:54:02,46.0333,23.1167,23.94,54,46,1.79
543,Sinnamary,GF,2022-03-12 23:54:02,5.3833,-52.95,76.55,90,84,11.36
544,Bengkulu,ID,2022-03-12 23:54:03,-3.8004,102.2655,76.6,88,100,3.67
545,Monrovia,LR,2022-03-12 23:54:03,6.3005,-10.7969,80.24,87,99,6.31
546,Hervey Bay,AU,2022-03-12 23:54:03,-25.2986,152.8535,77.22,62,25,17.43
547,Deer Lake,CA,2022-03-12 23:54:04,49.1667,-57.4316,33.66,93,100,13.8
548,Villa Carlos Paz,AR,2022-03-12 23:54:04,-31.4241,-64.4978,63.68,70,21,2.59
549,Rio Gallegos,AR,2022-03-12 23:54:04,-51.6226,-69.2181,53.65,47,0,2.3
550,Ondjiva,AO,2022-03-12 23:54:05,-17.0667,15.7333,67.1,91,99,3.76
551,Nishihara,JP,2022-03-12 23:54:05,26.1842,127.7558,69.85,78,40,6.91
552,Batsfjord,NO,2022-03-12 23:54:05,70.6345,29.7185,25.14,81,83,5.21
553,Alta Floresta,BR,2022-03-12 23:55:06,-9.8756,-56.0861,73.72,95,96,1.48
554,Riberalta,BO,2022-03-12 23:55:06,-10.9833,-66.1,79.0,78,75,0.0
555,Nantucket,US,2022-03-12 23:51:29,41.2835,-70.0995,35.71,94,100,34.99
